"student_id","subject","assessment","score","max_score"
"DEMO-001","Data Structures","Quiz 1","68","100"
"DEMO-001","Data Structures","Midterm","52","100"
"DEMO-001","Data Structures","Quiz 2","41","100"
"CS24I1021","Data Structures","Quiz 1","76","100"
"CS24I1021","Data Structures","Midterm","58","100"
"CS24I1021","Data Structures","Quiz 2","44","100"
"CS24I1034","Digital Systems","Quiz 1","71","100"
"CS24I1034","Digital Systems","Midterm","74","100"
"CS24I1034","Digital Systems","Quiz 2","78","100"
"CS24I1042","Data Structures","Quiz 1","42","100"
"CS24I1042","Data Structures","Midterm","47","100"
"CS24I1042","Data Structures","Quiz 2","45","100"
"CS24I1055","Linear Algebra","Quiz 1","72","100"
"CS24I1055","Linear Algebra","Midterm","70","100"
"CS24I1055","Linear Algebra","Quiz 2","68","100"
"CS24I1060","Digital Systems","Quiz 1","82","100"
"CS24I1060","Digital Systems","Midterm","61","100"
"CS24I1060","Digital Systems","Quiz 2","54","100"
"CS24I1073","Linear Algebra","Quiz 1","88","100"
"CS24I1073","Linear Algebra","Midterm","84","100"
"CS24I1073","Linear Algebra","Quiz 2","86","100"
"CS24I1088","Data Structures","Quiz 1","66","100"
"CS24I1088","Data Structures","Midterm","68","100"
"CS24I1088","Data Structures","Quiz 2","69","100"
"CS24I1091","Digital Systems","Quiz 1","48","100"
"CS24I1091","Digital Systems","Midterm","43","100"
"CS24I1091","Digital Systems","Quiz 2","39","100"
"CS24I1104","Linear Algebra","Quiz 1","73","100"
"CS24I1104","Linear Algebra","Midterm","75","100"
"CS24I1104","Linear Algebra","Quiz 2","72","100"
"CS24I1117","Data Structures","Quiz 1","91","100"
"CS24I1117","Data Structures","Midterm","89","100"
"CS24I1117","Data Structures","Quiz 2","90","100"
"CS24I1123","Digital Systems","Quiz 1","69","100"
"CS24I1123","Digital Systems","Midterm","52","100"
"CS24I1123","Digital Systems","Quiz 2","40","100"
"CS24I1136","Linear Algebra","Quiz 1","57","100"
"CS24I1136","Linear Algebra","Midterm","59","100"
"CS24I1136","Linear Algebra","Quiz 2","60","100"
"CS24I1149","Data Structures","Quiz 1","62","100"
"CS24I1149","Data Structures","Midterm","49","100"
"CS24I1149","Data Structures","Quiz 2","43","100"
"CS24I1152","Digital Systems","Quiz 1","86","100"
"CS24I1152","Digital Systems","Midterm","88","100"
"CS24I1152","Digital Systems","Quiz 2","87","100"
"CS24I1168","Linear Algebra","Quiz 1","53","100"
"CS24I1168","Linear Algebra","Midterm","48","100"
"CS24I1168","Linear Algebra","Quiz 2","46","100"
"CS24I1175","Data Structures","Quiz 1","79","100"
"CS24I1175","Data Structures","Midterm","81","100"
"CS24I1175","Data Structures","Quiz 2","83","100"
"CS24I1181","Digital Systems","Quiz 1","75","100"
"CS24I1181","Digital Systems","Midterm","58","100"
"CS24I1181","Digital Systems","Quiz 2","47","100"
"CS24I1194","Linear Algebra","Quiz 1","67","100"
"CS24I1194","Linear Algebra","Midterm","65","100"
"CS24I1194","Linear Algebra","Quiz 2","69","100"
"CS24I1207","Data Structures","Quiz 1","81","100"
"CS24I1207","Data Structures","Midterm","78","100"
"CS24I1207","Data Structures","Quiz 2","72","100"

